﻿<?xml version="1.0" encoding="utf-8" standalone="no" ?>
<modDesc descVersion="22">
    <author>Xentro - vertexDezign.net</author>
    <version>1.0.3</version>
	<title>
		<en>AnimationMapTrigger</en>
		<de>AnimationMapTrigger</de>
	</title>
	<description>
        <en>
<![CDATA[www.vertexdezign.net
We hope you enjoy this Mod!]]>
		</en>
		<de>
<![CDATA[www.vertexdezign.net
Wir hoffen, Sie genießen diese Mod!]]>
		</de>
	</description>

	<iconFilename>store.dds</iconFilename>
	<multiplayer supported="true" />
	
    <extraSourceFiles>
        <sourceFile filename="AnimationMap.lua"/>
        <sourceFile filename="AnimationMapTrigger.lua"/>
    </extraSourceFiles>
	
    <l10n>
        <text name="ANIMATION_KEY_1">
            <en>Trigger animation</en>
            <de>Trigger animation</de>
		</text>
        <text name="ANIMATION_KEY_2">
            <en>Trigger reverse animation</en>
            <de>Trigger reverse animation</de>
		</text>
        <text name="OPEN_DOOR">
            <en>Open door</en>
            <de>Tür öffnen</de>
        </text>
	    <text name="CLOSE_DOOR">
            <en>Close door</en>
            <de>Tür schließen</de>
        </text>
        <text name="OPEN_GATE">
            <en>Open gate</en>
            <de>Tor öffnen</de>
        </text>
	    <text name="CLOSE_GATE">
            <en>Close gate</en>
            <de>Tor schließen</de>
        </text>
        <text name="OPEN_WINDOW">
            <en>Open window</en>
            <de>Fenster öffnen</de>
        </text>
	    <text name="CLOSE_WINDOW">
            <en>Close window</en>
            <de>Fenster schließen</de>
        </text>
	    <text name="TRIGGER_DISABLED">
            <en>We are closed! come back later.</en>
            <de>Wir sind geschlossen! kommen Sie später wieder.</de>
        </text>
    </l10n>
	
	<inputBindings>
		<input name="ANIMATION_KEY_1" category="VEHICLE ONFOOT" key1="KEY_o" key2="" button="BUTTON_5 BUTTON_3" device="0" mouse="" />
		<input name="ANIMATION_KEY_2" category="VEHICLE ONFOOT" key1="KEY_z" key2="" button="BUTTON_5 BUTTON_18" device="0" mouse="" />
	</inputBindings>
</modDesc>